q_id,gold_quotes
0,text1 text2 text3 text4 image5
1,text1 text2 text3 text4 image5
2,text1 text2 text3 text4 image5
3,text1 text2 text3 text4 image5
4,text1 text2 text3 text4 image5
5,text1 text2 text3 text4 image5
6,text1 text2 text3 text4 image5
7,text1 text2 text3 text4 image5
8,text1 text2 text3 text4 image5
10,text1 text2 text3 text4 image5
11,text1 text2 text3 text4 image5
12,text1 text2 text3 text4 image5
13,text1 text2 text3 text4 image5
14,text1 text2 text3 text4 image5
15,text1 text2 text3 text4 image5
16,text1 text2 text3 text4 image5
17,text1 text2 text3 text4 image5
18,text1 text2 text3 text4 image5
19,text1 text2 text3 text4 image5
20,text1 text2 text3 text4 image5
21,text1 text2 text3 text4 image5
23,text1 text2 text3 text4 image5
24,text1 text2 text3 text4 image5
25,text1 text2 text3 text4 image5
26,text1 text2 text3 text4 image5
27,text1 text2 text3 text4 image5
28,text1 text2 text3 text4 image5
29,text1 text2 text3 text4 image5
30,text1 text2 text3 text4 image5
31,text1 text2 text3 text4 image5
32,text1 text2 text3 text4 image5
33,text1 text2 text3 text4 image5
34,text1 text2 text3 text4 image5
35,text1 text2 text3 text4 image5
36,text1 text2 text3 text4 image5
37,text1 text2 text3 text4 image5
38,text1 text2 text3 text4 image5
39,text1 text2 text3 text4 image5
40,text1 text2 text3 text4 image5
41,text1 text2 text3 text4 image5
42,text1 text2 text3 text4 image5
43,text1 text2 text3 text4 image5
44,text1 text2 text3 text4 image5
45,text1 text2 text3 text4 image5
46,text1 text2 text3 text4 image5
47,text1 text2 text3 text4 image5
49,text1 text2 text3 text4 image5
50,text1 text2 text3 text4 image5
51,text1 text2 text3 text4 image5
52,text1 text2 text3 text4 image5
53,text1 text2 text3 text4 image5
54,text1 text2 text3 text4 image5
55,text1 text2 text3 text4 image5
58,text1 text2 text3 text4 image5
59,text1 text2 text3 text4 image5
62,text1 text2 text3 text4 image5
64,text1 text2 text3 text4 image5
66,text1 text2 text3 text4 image5
69,text1 text2 text3 text4 image5
71,text1 text2 text3 text4 image5
72,text1 text2 text3 text4 image5
75,text1 text2 text3 text4 image5
78,text1 text2 text3 text4 image5
79,text1 text2 text3 text4 image5
80,text1 text2 text3 text4 image5
81,text1 text2 text3 text4 image5
84,text1 text2 text3 text4 image5
85,text1 text2 text3 text4 image5
88,text1 text2 text3 text4 image5
89,text1 text2 text3 text4 image5
90,text1 text2 text3 text4 image5
91,text1 text2 text3 text4 image5
93,text1 text2 text3 text4 image5
94,text1 text2 text3 text4 image5
96,text1 text2 text3 text4 image5
97,text1 text2 text3 text4 image5
102,text1 text2 text3 text4 image5
103,text1 text2 text3 text4 image5
104,text1 text2 text3 text4 image5
107,text1 text2 text3 text4 image5
108,text1 text2 text3 text4 image5
113,text1 text2 text3 text4 image5
117,text1 text2 text3 text4 image5
119,text1 text2 text3 text4 image5
120,text1 text2 text3 text4 image5
122,text1 text2 text3 text4 image5
124,text1 text2 text3 text4 image5
125,text1 text2 text3 text4 image5
126,text1 text2 text3 text4 image5
128,text1 text2 text3 text4 image5
130,text1 text2 text3 text4 image5
131,text1 text2 text3 text4 image5
133,text1 text2 text3 text4 image5
134,text1 text2 text3 text4 image5
135,text1 text2 text3 text4 image5
138,text1 text2 text3 text4 image5
139,text1 text2 text3 text4 image5
140,text1 text2 text3 text4 image5
142,text1 text2 text3 text4 image5
143,text1 text2 text3 text4 image5
144,text1 text2 text3 text4 image5
147,text1 text2 text3 text4 image5
148,text1 text2 text3 text4 image5
149,text1 text2 text3 text4 image5
150,text1 text2 text3 text4 image5
152,text1 text2 text3 text4 image5
153,text1 text2 text3 text4 image5
154,text1 text2 text3 text4 image5
155,text1 text2 text3 text4 image5
156,text1 text2 text3 text4 image5
157,text1 text2 text3 text4 image5
161,text1 text2 text3 text4 image5
163,text1 text2 text3 text4 image5
164,text1 text2 text3 text4 image5
165,text1 text2 text3 text4 image5
167,text1 text2 text3 text4 image5
168,text1 text2 text3 text4 image5
169,text1 text2 text3 text4 image5
170,text1 text2 text3 text4 image5
171,text1 text2 text3 text4 image5
173,text1 text2 text3 text4 image5
174,text1 text2 text3 text4 image5
178,text1 text2 text3 text4 image5
180,text1 text2 text3 text4 image5
182,text1 text2 text3 text4 image5
183,text1 text2 text3 text4 image5
185,text1 text2 text3 text4 image5
186,text1 text2 text3 text4 image5
188,text1 text2 text3 text4 image5
192,text1 text2 text3 text4 image5
193,text1 text2 text3 text4 image5
202,text1 text2 text3 text4 image5
203,text1 text2 text3 text4 image5
204,text1 text2 text3 text4 image5
205,text1 text2 text3 text4 image5
207,text1 text2 text3 text4 image5
209,text1 text2 text3 text4 image5
211,text1 text2 text3 text4 image5
212,text1 text2 text3 text4 image5
213,text1 text2 text3 text4 image5
215,text1 text2 text3 text4 image5
216,text1 text2 text3 text4 image5
218,text1 text2 text3 text4 image5
219,text1 text2 text3 text4 image5
220,text1 text2 text3 text4 image5
221,text1 text2 text3 text4 image5
226,text1 text2 text3 text4 image5
229,text1 text2 text3 text4 image5
230,text1 text2 text3 text4 image5
231,text1 text2 text3 text4 image5
232,text1 text2 text3 text4 image5
233,text1 text2 text3 text4 image5
235,text1 text2 text3 text4 image5
236,text1 text2 text3 text4 image5
237,text1 text2 text3 text4 image5
238,text1 text2 text3 text4 image5
239,text1 text2 text3 text4 image5
240,text1 text2 text3 text4 image5
241,text1 text2 text3 text4 image5
243,text1 text2 text3 text4 image5
244,text1 text2 text3 text4 image5
245,text1 text2 text3 text4 image5
246,text1 text2 text3 text4 image5
247,text1 text2 text3 text4 image5
248,text1 text2 text3 text4 image5
249,text1 text2 text3 text4 image5
250,text1 text2 text3 text4 image5
251,text1 text2 text3 text4 image5
252,text1 text2 text3 text4 image5
253,text1 text2 text3 text4 image5
254,text1 text2 text3 text4 image5
255,text1 text2 text3 text4 image5
256,text1 text2 text3 text4 image5
257,text1 text2 text3 text4 image5
258,text1 text2 text3 text4 image5
259,text1 text2 text3 text4 image5
260,text1 text2 text3 text4 image5
261,text1 text2 text3 text4 image5
262,text1 text2 text3 text4 image5
263,text1 text2 text3 text4 image5
264,text1 text2 text3 text4 image5
265,text1 text2 text3 text4 image5
266,text1 text2 text3 text4 image5
267,text1 text2 text3 text4 image5
268,text1 text2 text3 text4 image5
269,text1 text2 text3 text4 image5
270,text1 text2 text3 text4 image5
271,text1 text2 text3 text4 image5
272,text1 text2 text3 text4 image5
273,text1 text2 text3 text4 image5
274,text1 text2 text3 text4 image5
275,text1 text2 text3 text4 image5
276,text1 text2 text3 text4 image5
277,text1 text2 text3 text4 image5
278,text1 text2 text3 text4 image5
279,text1 text2 text3 text4 image5
280,text1 text2 text3 text4 image5
281,text1 text2 text3 text4 image5
282,text1 text2 text3 text4 image5
284,text1 text2 text3 text4 image5
285,text1 text2 text3 text4 image5
286,text1 text2 text3 text4 image5
287,text1 text2 text3 text4 image5
288,text1 text2 text3 text4 image5
289,text1 text2 text3 text4 image5
290,text1 text2 text3 text4 image5
291,text1 text2 text3 text4 image5
292,text1 text2 text3 text4 image5
293,text1 text2 text3 text4 image5
294,text1 text2 text3 text4 image5
295,text1 text2 text3 text4 image5
296,text1 text2 text3 text4 image5
297,text1 text2 text3 text4 image5
298,text1 text2 text3 text4 image5
299,text1 text2 text3 text4 image5
300,text1 text2 text3 text4 image5
301,text1 text2 text3 text4 image5
302,text1 text2 text3 text4 image5
303,text1 text2 text3 text4 image5
304,text1 text2 text3 text4 image5
305,text1 text2 text3 text4 image5
306,text1 text2 text3 text4 image5
307,text1 text2 text3 text4 image5
308,text1 text2 text3 text4 image5
309,text1 text2 text3 text4 image5
310,text1 text2 text3 text4 image5
311,text1 text2 text3 text4 image5
312,text1 text2 text3 text4 image5
314,text1 text2 text3 text4 image5
315,text1 text2 text3 text4 image5
316,text1 text2 text3 text4 image5
317,text1 text2 text3 text4 image5
318,text1 text2 text3 text4 image5
319,text1 text2 text3 text4 image5
320,text1 text2 text3 text4 image5
321,text1 text2 text3 text4 image5
322,text1 text2 text3 text4 image5
323,text1 text2 text3 text4 image5
324,text1 text2 text3 text4 image5
325,text1 text2 text3 text4 image5
326,text1 text2 text3 text4 image5
327,text1 text2 text3 text4 image5
328,text1 text2 text3 text4 image5
329,text1 text2 text3 text4 image5
330,text1 text2 text3 text4 image5
331,text1 text2 text3 text4 image5
333,text1 text2 text3 text4 image5
334,text1 text2 text3 text4 image5
335,text1 text2 text3 text4 image5
337,text1 text2 text3 text4 image5
338,text1 text2 text3 text4 image5
339,text1 text2 text3 text4 image5
341,text1 text2 text3 text4 image5
342,text1 text2 text3 text4 image5
343,text1 text2 text3 text4 image5
344,text1 text2 text3 text4 image5
345,text1 text2 text3 text4 image5
346,text1 text2 text3 text4 image5
347,text1 text2 text3 text4 image5
348,text1 text2 text3 text4 image5
349,text1 text2 text3 text4 image5
350,text1 text2 text3 text4 image5
351,text1 text2 text3 text4 image5
352,text1 text2 text3 text4 image5
353,text1 text2 text3 text4 image5
354,text1 text2 text3 text4 image5
355,text1 text2 text3 text4 image5
357,text1 text2 text3 text4 image5
358,text1 text2 text3 text4 image5
360,text1 text2 text3 text4 image5
361,text1 text2 text3 text4 image5
362,text1 text2 text3 text4 image5
363,text1 text2 text3 text4 image5
364,text1 text2 text3 text4 image5
365,text1 text2 text3 text4 image5
366,text1 text2 text3 text4 image5
367,text1 text2 text3 text4 image5
369,text1 text2 text3 text4 image5
375,text1 text2 text3 text4 image5
376,text1 text2 text3 text4 image5
377,text1 text2 text3 text4 image5
378,text1 text2 text3 text4 image5
379,text1 text2 text3 text4 image5
380,text1 text2 text3 text4 image5
383,text1 text2 text3 text4 image5
386,text1 text2 text3 text4 image5
387,text1 text2 text3 text4 image5
388,text1 text2 text3 text4 image5
390,text1 text2 text3 text4 image5
391,text1 text2 text3 text4 image5
392,text1 text2 text3 text4 image5
393,text1 text2 text3 text4 image5
395,text1 text2 text3 text4 image5
396,text1 text2 text3 text4 image5
397,text1 text2 text3 text4 image5
398,text1 text2 text3 text4 image5
400,text1 text2 text3 text4 image5
401,text1 text2 text3 text4 image5
402,text1 text2 text3 text4 image5
403,text1 text2 text3 text4 image5
404,text1 text2 text3 text4 image5
405,text1 text2 text3 text4 image5
406,text1 text2 text3 text4 image5
407,text1 text2 text3 text4 image5
408,text1 text2 text3 text4 image5
410,text1 text2 text3 text4 image5
411,text1 text2 text3 text4 image5
412,text1 text2 text3 text4 image5
413,text1 text2 text3 text4 image5
415,text1 text2 text3 text4 image5
416,text1 text2 text3 text4 image5
417,text1 text2 text3 text4 image5
418,text1 text2 text3 text4 image5
421,text1 text2 text3 text4 image5
423,text1 text2 text3 text4 image5
424,text1 text2 text3 text4 image5
426,text1 text2 text3 text4 image5
427,text1 text2 text3 text4 image5
428,text1 text2 text3 text4 image5
429,text1 text2 text3 text4 image5
432,text1 text2 text3 text4 image5
433,text1 text2 text3 text4 image5
434,text1 text2 text3 text4 image5
436,text1 text2 text3 text4 image5
437,text1 text2 text3 text4 image5
440,text1 text2 text3 text4 image5
442,text1 text2 text3 text4 image5
444,text1 text2 text3 text4 image5
446,text1 text2 text3 text4 image5
450,text1 text2 text3 text4 image5
451,text1 text2 text3 text4 image5
453,text1 text2 text3 text4 image5
454,text1 text2 text3 text4 image5
455,text1 text2 text3 text4 image5
456,text1 text2 text3 text4 image5
458,text1 text2 text3 text4 image5
459,text1 text2 text3 text4 image5
460,text1 text2 text3 text4 image5
461,text1 text2 text3 text4 image5
462,text1 text2 text3 text4 image5
464,text1 text2 text3 text4 image5
465,text1 text2 text3 text4 image5
466,text1 text2 text3 text4 image5
467,text1 text2 text3 text4 image5
468,text1 text2 text3 text4 image5
469,text1 text2 text3 text4 image5
470,text1 text2 text3 text4 image5
471,text1 text2 text3 text4 image5
472,text1 text2 text3 text4 image5
473,text1 text2 text3 text4 image5
474,text1 text2 text3 text4 image5
475,text1 text2 text3 text4 image5
476,text1 text2 text3 text4 image5
477,text1 text2 text3 text4 image5
478,text1 text2 text3 text4 image5
479,text1 text2 text3 text4 image5
480,text1 text2 text3 text4 image5
481,text1 text2 text3 text4 image5
482,text1 text2 text3 text4 image5
483,text1 text2 text3 text4 image5
484,text1 text2 text3 text4 image5
485,text1 text2 text3 text4 image5
486,text1 text2 text3 text4 image5
487,text1 text2 text3 text4 image5
488,text1 text2 text3 text4 image5
490,text1 text2 text3 text4 image5
491,text1 text2 text3 text4 image5
492,text1 text2 text3 text4 image5
493,text1 text2 text3 text4 image5
494,text1 text2 text3 text4 image5
495,text1 text2 text3 text4 image5
496,text1 text2 text3 text4 image5
497,text1 text2 text3 text4 image5
498,text1 text2 text3 text4 image5
499,text1 text2 text3 text4 image5
501,text1 text2 text3 text4 image5
502,text1 text2 text3 text4 image5
503,text1 text2 text3 text4 image5
504,text1 text2 text3 text4 image5
505,text1 text2 text3 text4 image5
506,text1 text2 text3 text4 image5
507,text1 text2 text3 text4 image5
508,text1 text2 text3 text4 image5
511,text1 text2 text3 text4 image5
512,text1 text2 text3 text4 image5
513,text1 text2 text3 text4 image5
514,text1 text2 text3 text4 image5
515,text1 text2 text3 text4 image5
516,text1 text2 text3 text4 image5
517,text1 text2 text3 text4 image5
518,text1 text2 text3 text4 image5
519,text1 text2 text3 text4 image5
521,text1 text2 text3 text4 image5
522,text1 text2 text3 text4 image5
523,text1 text2 text3 text4 image5
524,text1 text2 text3 text4 image5
526,text1 text2 text3 text4 image5
527,text1 text2 text3 text4 image5
529,text1 text2 text3 text4 image5
531,text1 text2 text3 text4 image5
532,text1 text2 text3 text4 image5
533,text1 text2 text3 text4 image5
534,text1 text2 text3 text4 image5
535,text1 text2 text3 text4 image5
536,text1 text2 text3 text4 image5
537,text1 text2 text3 text4 image5
539,text1 text2 text3 text4 image5
540,text1 text2 text3 text4 image5
541,text1 text2 text3 text4 image5
543,text1 text2 text3 text4 image5
545,text1 text2 text3 text4 image5
546,text1 text2 text3 text4 image5
548,text1 text2 text3 text4 image5
551,text1 text2 text3 text4 image5
552,text1 text2 text3 text4 image5
553,text1 text2 text3 text4 image5
554,text1 text2 text3 text4 image5
555,text1 text2 text3 text4 image5
558,text1 text2 text3 text4 image5
559,text1 text2 text3 text4 image5
561,text1 text2 text3 text4 image5
562,text1 text2 text3 text4 image5
563,text1 text2 text3 text4 image5
564,text1 text2 text3 text4 image5
565,text1 text2 text3 text4 image5
566,text1 text2 text3 text4 image5
567,text1 text2 text3 text4 image5
568,text1 text2 text3 text4 image5
570,text1 text2 text3 text4 image5
572,text1 text2 text3 text4 image5
573,text1 text2 text3 text4 image5
574,text1 text2 text3 text4 image5
575,text1 text2 text3 text4 image5
576,text1 text2 text3 text4 image5
577,text1 text2 text3 text4 image5
578,text1 text2 text3 text4 image5
579,text1 text2 text3 text4 image5
580,text1 text2 text3 text4 image5
581,text1 text2 text3 text4 image5
582,text1 text2 text3 text4 image5
583,text1 text2 text3 text4 image5
585,text1 text2 text3 text4 image5
586,text1 text2 text3 text4 image5
587,text1 text2 text3 text4 image5
588,text1 text2 text3 text4 image5
589,text1 text2 text3 text4 image5
590,text1 text2 text3 text4 image5
592,text1 text2 text3 text4 image5
593,text1 text2 text3 text4 image5
594,text1 text2 text3 text4 image5
595,text1 text2 text3 text4 image5
596,text1 text2 text3 text4 image5
597,text1 text2 text3 text4 image5
598,text1 text2 text3 text4 image5
599,text1 text2 text3 text4 image5
600,text1 text2 text3 text4 image5
601,text1 text2 text3 text4 image5
602,text1 text2 text3 text4 image5
603,text1 text2 text3 text4 image5
604,text1 text2 text3 text4 image5
607,text1 text2 text3 text4 image5
608,text1 text2 text3 text4 image5
609,text1 text2 text3 text4 image5
610,text1 text2 text3 text4 image5
611,text1 text2 text3 text4 image5
612,text1 text2 text3 text4 image5
614,text1 text2 text3 text4 image5
615,text1 text2 text3 text4 image5
616,text1 text2 text3 text4 image5
617,text1 text2 text3 text4 image5
618,text1 text2 text3 text4 image5
619,text1 text2 text3 text4 image5
620,text1 text2 text3 text4 image5
621,text1 text2 text3 text4 image5
622,text1 text2 text3 text4 image5
623,text1 text2 text3 text4 image5
624,text1 text2 text3 text4 image5
625,text1 text2 text3 text4 image5
626,text1 text2 text3 text4 image5
627,text1 text2 text3 text4 image5
628,text1 text2 text3 text4 image5
629,text1 text2 text3 text4 image5
631,text1 text2 text3 text4 image5
632,text1 text2 text3 text4 image5
633,text1 text2 text3 text4 image5
634,text1 text2 text3 text4 image5
635,text1 text2 text3 text4 image5
639,text1 text2 text3 text4 image5
640,text1 text2 text3 text4 image5
642,text1 text2 text3 text4 image5
644,text1 text2 text3 text4 image5
645,text1 text2 text3 text4 image5
646,text1 text2 text3 text4 image5
647,text1 text2 text3 text4 image5
648,text1 text2 text3 text4 image5
649,text1 text2 text3 text4 image5
650,text1 text2 text3 text4 image5
651,text1 text2 text3 text4 image5
652,text1 text2 text3 text4 image5
654,text1 text2 text3 text4 image5
655,text1 text2 text3 text4 image5
656,text1 text2 text3 text4 image5
657,text1 text2 text3 text4 image5
658,text1 text2 text3 text4 image5
659,text1 text2 text3 text4 image5
660,text1 text2 text3 text4 image5
661,text1 text2 text3 text4 image5
662,text1 text2 text3 text4 image5
663,text1 text2 text3 text4 image5
664,text1 text2 text3 text4 image5
665,text1 text2 text3 text4 image5
666,text1 text2 text3 text4 image5
667,text1 text2 text3 text4 image5
668,text1 text2 text3 text4 image5
669,text1 text2 text3 text4 image5
670,text1 text2 text3 text4 image5
671,text1 text2 text3 text4 image5
672,text1 text2 text3 text4 image5
673,text1 text2 text3 text4 image5
674,text1 text2 text3 text4 image5
675,text1 text2 text3 text4 image5
676,text1 text2 text3 text4 image5
677,text1 text2 text3 text4 image5
678,text1 text2 text3 text4 image5
679,text1 text2 text3 text4 image5
680,text1 text2 text3 text4 image5
681,text1 text2 text3 text4 image5
682,text1 text2 text3 text4 image5
683,text1 text2 text3 text4 image5
685,text1 text2 text3 text4 image5
686,text1 text2 text3 text4 image5
688,text1 text2 text3 text4 image5
689,text1 text2 text3 text4 image5
690,text1 text2 text3 text4 image5
691,text1 text2 text3 text4 image5
692,text1 text2 text3 text4 image5
693,text1 text2 text3 text4 image5
694,text1 text2 text3 text4 image5
695,text1 text2 text3 text4 image5
696,text1 text2 text3 text4 image5
697,text1 text2 text3 text4 image5
698,text1 text2 text3 text4 image5
699,text1 text2 text3 text4 image5
700,text1 text2 text3 text4 image5
701,text1 text2 text3 text4 image5
702,text1 text2 text3 text4 image5
703,text1 text2 text3 text4 image5
704,text1 text2 text3 text4 image5
705,text1 text2 text3 text4 image5
706,text1 text2 text3 text4 image5
707,text1 text2 text3 text4 image5
708,text1 text2 text3 text4 image5
709,text1 text2 text3 text4 image5
710,text1 text2 text3 text4 image5
712,text1 text2 text3 text4 image5
716,text1 text2 text3 text4 image5
717,text1 text2 text3 text4 image5
718,text1 text2 text3 text4 image5
719,text1 text2 text3 text4 image5
720,text1 text2 text3 text4 image5
721,text1 text2 text3 text4 image5
722,text1 text2 text3 text4 image5
723,text1 text2 text3 text4 image5
724,text1 text2 text3 text4 image5
725,text1 text2 text3 text4 image5
726,text1 text2 text3 text4 image5
727,text1 text2 text3 text4 image5
728,text1 text2 text3 text4 image5
729,text1 text2 text3 text4 image5
730,text1 text2 text3 text4 image5
731,text1 text2 text3 text4 image5
732,text1 text2 text3 text4 image5
733,text1 text2 text3 text4 image5
734,text1 text2 text3 text4 image5
735,text1 text2 text3 text4 image5
736,text1 text2 text3 text4 image5
737,text1 text2 text3 text4 image5
738,text1 text2 text3 text4 image5
739,text1 text2 text3 text4 image5
740,text1 text2 text3 text4 image5
741,text1 text2 text3 text4 image5
742,text1 text2 text3 text4 image5
743,text1 text2 text3 text4 image5
744,text1 text2 text3 text4 image5
745,text1 text2 text3 text4 image5
746,text1 text2 text3 text4 image5
747,text1 text2 text3 text4 image5
748,text1 text2 text3 text4 image5
750,text1 text2 text3 text4 image5
751,text1 text2 text3 text4 image5
752,text1 text2 text3 text4 image5
753,text1 text2 text3 text4 image5
754,text1 text2 text3 text4 image5
755,text1 text2 text3 text4 image5
756,text1 text2 text3 text4 image5
757,text1 text2 text3 text4 image5
758,text1 text2 text3 text4 image5
760,text1 text2 text3 text4 image5
761,text1 text2 text3 text4 image5
762,text1 text2 text3 text4 image5
763,text1 text2 text3 text4 image5
764,text1 text2 text3 text4 image5
765,text1 text2 text3 text4 image5
766,text1 text2 text3 text4 image5
767,text1 text2 text3 text4 image5
768,text1 text2 text3 text4 image5
769,text1 text2 text3 text4 image5
770,text1 text2 text3 text4 image5
771,text1 text2 text3 text4 image5
772,text1 text2 text3 text4 image5
773,text1 text2 text3 text4 image5
774,text1 text2 text3 text4 image5
775,text1 text2 text3 text4 image5
776,text1 text2 text3 text4 image5
777,text1 text2 text3 text4 image5
778,text1 text2 text3 text4 image5
779,text1 text2 text3 text4 image5
780,text1 text2 text3 text4 image5
781,text1 text2 text3 text4 image5
782,text1 text2 text3 text4 image5
783,text1 text2 text3 text4 image5
784,text1 text2 text3 text4 image5
785,text1 text2 text3 text4 image5
786,text1 text2 text3 text4 image5
787,text1 text2 text3 text4 image5
788,text1 text2 text3 text4 image5
789,text1 text2 text3 text4 image5
790,text1 text2 text3 text4 image5
791,text1 text2 text3 text4 image5
792,text1 text2 text3 text4 image5
793,text1 text2 text3 text4 image5
794,text1 text2 text3 text4 image5
795,text1 text2 text3 text4 image5
796,text1 text2 text3 text4 image5
797,text1 text2 text3 text4 image5
798,text1 text2 text3 text4 image5
799,text1 text2 text3 text4 image5
800,text1 text2 text3 text4 image5
801,text1 text2 text3 text4 image5
802,text1 text2 text3 text4 image5
803,text1 text2 text3 text4 image5
804,text1 text2 text3 text4 image5
805,text1 text2 text3 text4 image5
806,text1 text2 text3 text4 image5
807,text1 text2 text3 text4 image5
808,text1 text2 text3 text4 image5
810,text1 text2 text3 text4 image5
811,text1 text2 text3 text4 image5
812,text1 text2 text3 text4 image5
813,text1 text2 text3 text4 image5
814,text1 text2 text3 text4 image5
815,text1 text2 text3 text4 image5
816,text1 text2 text3 text4 image5
817,text1 text2 text3 text4 image5
818,text1 text2 text3 text4 image5
819,text1 text2 text3 text4 image5
820,text1 text2 text3 text4 image5
822,text1 text2 text3 text4 image5
823,text1 text2 text3 text4 image5
824,text1 text2 text3 text4 image5
825,text1 text2 text3 text4 image5
826,text1 text2 text3 text4 image5
827,text1 text2 text3 text4 image5
828,text1 text2 text3 text4 image5
829,text1 text2 text3 text4 image5
830,text1 text2 text3 text4 image5
831,text1 text2 text3 text4 image5
832,text1 text2 text3 text4 image5
834,text1 text2 text3 text4 image5
835,text1 text2 text3 text4 image5
836,text1 text2 text3 text4 image5
837,text1 text2 text3 text4 image5
838,text1 text2 text3 text4 image5
839,text1 text2 text3 text4 image5
840,text1 text2 text3 text4 image5
841,text1 text2 text3 text4 image5
842,text1 text2 text3 text4 image5
843,text1 text2 text3 text4 image5
844,text1 text2 text3 text4 image5
845,text1 text2 text3 text4 image5
846,text1 text2 text3 text4 image5
847,text1 text2 text3 text4 image5
848,text1 text2 text3 text4 image5
850,text1 text2 text3 text4 image5
851,text1 text2 text3 text4 image5
852,text1 text2 text3 text4 image5
853,text1 text2 text3 text4 image5
854,text1 text2 text3 text4 image5
855,text1 text2 text3 text4 image5
856,text1 text2 text3 text4 image5
857,text1 text2 text3 text4 image5
858,text1 text2 text3 text4 image5
859,text1 text2 text3 text4 image5
860,text1 text2 text3 text4 image5
861,text1 text2 text3 text4 image5
862,text1 text2 text3 text4 image5
863,text1 text2 text3 text4 image5
864,text1 text2 text3 text4 image5
865,text1 text2 text3 text4 image5
866,text1 text2 text3 text4 image5
867,text1 text2 text3 text4 image5
868,text1 text2 text3 text4 image5
869,text1 text2 text3 text4 image5
870,text1 text2 text3 text4 image5
871,text1 text2 text3 text4 image5
872,text1 text2 text3 text4 image5
873,text1 text2 text3 text4 image5
874,text1 text2 text3 text4 image5
875,text1 text2 text3 text4 image5
876,text1 text2 text3 text4 image5
877,text1 text2 text3 text4 image5
878,text1 text2 text3 text4 image5
879,text1 text2 text3 text4 image5
880,text1 text2 text3 text4 image5
881,text1 text2 text3 text4 image5
882,text1 text2 text3 text4 image5
883,text1 text2 text3 text4 image5
884,text1 text2 text3 text4 image5
885,text1 text2 text3 text4 image5
886,text1 text2 text3 text4 image5
887,text1 text2 text3 text4 image5
888,text1 text2 text3 text4 image5
889,text1 text2 text3 text4 image5
890,text1 text2 text3 text4 image5
891,text1 text2 text3 text4 image5
892,text1 text2 text3 text4 image5
893,text1 text2 text3 text4 image5
894,text1 text2 text3 text4 image5
895,text1 text2 text3 text4 image5
896,text1 text2 text3 text4 image5
897,text1 text2 text3 text4 image5
898,text1 text2 text3 text4 image5
899,text1 text2 text3 text4 image5
900,text1 text2 text3 text4 image5
901,text1 text2 text3 text4 image5
902,text1 text2 text3 text4 image5
903,text1 text2 text3 text4 image5
904,text1 text2 text3 text4 image5
905,text1 text2 text3 text4 image5
906,text1 text2 text3 text4 image5
907,text1 text2 text3 text4 image5
908,text1 text2 text3 text4 image5
909,text1 text2 text3 text4 image5
911,text1 text2 text3 text4 image5
912,text1 text2 text3 text4 image5
913,text1 text2 text3 text4 image5
914,text1 text2 text3 text4 image5
915,text1 text2 text3 text4 image5
916,text1 text2 text3 text4 image5
917,text1 text2 text3 text4 image5
918,text1 text2 text3 text4 image5
919,text1 text2 text3 text4 image5
920,text1 text2 text3 text4 image5
921,text1 text2 text3 text4 image5
922,text1 text2 text3 text4 image5
923,text1 text2 text3 text4 image5
924,text1 text2 text3 text4 image5
925,text1 text2 text3 text4 image5
926,text1 text2 text3 text4 image5
927,text1 text2 text3 text4 image5
928,text1 text2 text3 text4 image5
929,text1 text2 text3 text4 image5
930,text1 text2 text3 text4 image5
931,text1 text2 text3 text4 image5
932,text1 text2 text3 text4 image5
933,text1 text2 text3 text4 image5
934,text1 text2 text3 text4 image5
935,text1 text2 text3 text4 image5
936,text1 text2 text3 text4 image5
937,text1 text2 text3 text4 image5
938,text1 text2 text3 text4 image5
939,text1 text2 text3 text4 image5
940,text1 text2 text3 text4 image5
941,text1 text2 text3 text4 image5
943,text1 text2 text3 text4 image5
944,text1 text2 text3 text4 image5
945,text1 text2 text3 text4 image5
946,text1 text2 text3 text4 image5
947,text1 text2 text3 text4 image5
948,text1 text2 text3 text4 image5
949,text1 text2 text3 text4 image5
950,text1 text2 text3 text4 image5
951,text1 text2 text3 text4 image5
952,text1 text2 text3 text4 image5
953,text1 text2 text3 text4 image5
954,text1 text2 text3 text4 image5
955,text1 text2 text3 text4 image5
956,text1 text2 text3 text4 image5
957,text1 text2 text3 text4 image5
958,text1 text2 text3 text4 image5
959,text1 text2 text3 text4 image5
960,text1 text2 text3 text4 image5
961,text1 text2 text3 text4 image5
962,text1 text2 text3 text4 image5
963,text1 text2 text3 text4 image5
964,text1 text2 text3 text4 image5
965,text1 text2 text3 text4 image5
966,text1 text2 text3 text4 image5
967,text1 text2 text3 text4 image5
968,text1 text2 text3 text4 image5
969,text1 text2 text3 text4 image5
970,text1 text2 text3 text4 image5
971,text1 text2 text3 text4 image5
973,text1 text2 text3 text4 image5
974,text1 text2 text3 text4 image5
975,text1 text2 text3 text4 image5
976,text1 text2 text3 text4 image5
977,text1 text2 text3 text4 image5
978,text1 text2 text3 text4 image5
979,text1 text2 text3 text4 image5
980,text1 text2 text3 text4 image5
981,text1 text2 text3 text4 image5
982,text1 text2 text3 text4 image5
983,text1 text2 text3 text4 image5
984,text1 text2 text3 text4 image5
985,text1 text2 text3 text4 image5
986,text1 text2 text3 text4 image5
987,text1 text2 text3 text4 image5
988,text1 text2 text3 text4 image5
989,text1 text2 text3 text4 image5
990,text1 text2 text3 text4 image5
991,text1 text2 text3 text4 image5
992,text1 text2 text3 text4 image5
993,text1 text2 text3 text4 image5
994,text1 text2 text3 text4 image5
995,text1 text2 text3 text4 image5
996,text1 text2 text3 text4 image5
997,text1 text2 text3 text4 image5
998,text1 text2 text3 text4 image5
999,text1 text2 text3 text4 image5
1000,text1 text2 text3 text4 image5
1001,text1 text2 text3 text4 image5
1002,text1 text2 text3 text4 image5
1003,text1 text2 text3 text4 image5
1004,text1 text2 text3 text4 image5
1005,text1 text2 text3 text4 image5
1006,text1 text2 text3 text4 image5
1007,text1 text2 text3 text4 image5
1008,text1 text2 text3 text4 image5
1009,text1 text2 text3 text4 image5
1010,text1 text2 text3 text4 image5
1011,text1 text2 text3 text4 image5
1012,text1 text2 text3 text4 image5
1013,text1 text2 text3 text4 image5
1014,text1 text2 text3 text4 image5
1015,text1 text2 text3 text4 image5
1016,text1 text2 text3 text4 image5
1017,text1 text2 text3 text4 image5
1018,text1 text2 text3 text4 image5
1019,text1 text2 text3 text4 image5
1020,text1 text2 text3 text4 image5
1021,text1 text2 text3 text4 image5
1022,text1 text2 text3 text4 image5
1023,text1 text2 text3 text4 image5
1024,text1 text2 text3 text4 image5
1025,text1 text2 text3 text4 image5
1026,text1 text2 text3 text4 image5
1027,text1 text2 text3 text4 image5
1028,text1 text2 text3 text4 image5
1029,text1 text2 text3 text4 image5
1031,text1 text2 text3 text4 image5
1032,text1 text2 text3 text4 image5
1033,text1 text2 text3 text4 image5
1034,text1 text2 text3 text4 image5
1035,text1 text2 text3 text4 image5
1036,text1 text2 text3 text4 image5
1037,text1 text2 text3 text4 image5
1038,text1 text2 text3 text4 image5
1039,text1 text2 text3 text4 image5
1040,text1 text2 text3 text4 image5
1041,text1 text2 text3 text4 image5
1042,text1 text2 text3 text4 image5
1043,text1 text2 text3 text4 image5
1044,text1 text2 text3 text4 image5
1045,text1 text2 text3 text4 image5
1046,text1 text2 text3 text4 image5
1047,text1 text2 text3 text4 image5
1048,text1 text2 text3 text4 image5
1049,text1 text2 text3 text4 image5
1050,text1 text2 text3 text4 image5
1051,text1 text2 text3 text4 image5
1052,text1 text2 text3 text4 image5
1053,text1 text2 text3 text4 image5
1054,text1 text2 text3 text4 image5
1055,text1 text2 text3 text4 image5
1056,text1 text2 text3 text4 image5
1057,text1 text2 text3 text4 image5
1058,text1 text2 text3 text4 image5
1059,text1 text2 text3 text4 image5
1060,text1 text2 text3 text4 image5
1062,text1 text2 text3 text4 image5
1063,text1 text2 text3 text4 image5
1064,text1 text2 text3 text4 image5
1065,text1 text2 text3 text4 image5
1066,text1 text2 text3 text4 image5
1067,text1 text2 text3 text4 image5
1068,text1 text2 text3 text4 image5
1069,text1 text2 text3 text4 image5
1070,text1 text2 text3 text4 image5
1071,text1 text2 text3 text4 image5
1072,text1 text2 text3 text4 image5
1073,text1 text2 text3 text4 image5
1074,text1 text2 text3 text4 image5
1075,text1 text2 text3 text4 image5
1076,text1 text2 text3 text4 image5
1077,text1 text2 text3 text4 image5
1078,text1 text2 text3 text4 image5
1079,text1 text2 text3 text4 image5
1080,text1 text2 text3 text4 image5
1081,text1 text2 text3 text4 image5
1082,text1 text2 text3 text4 image5
1083,text1 text2 text3 text4 image5
1084,text1 text2 text3 text4 image5
1085,text1 text2 text3 text4 image5
1086,text1 text2 text3 text4 image5
1087,text1 text2 text3 text4 image5
1088,text1 text2 text3 text4 image5
1089,text1 text2 text3 text4 image5
1091,text1 text2 text3 text4 image5
1092,text1 text2 text3 text4 image5
1093,text1 text2 text3 text4 image5
1094,text1 text2 text3 text4 image5
1095,text1 text2 text3 text4 image5
1096,text1 text2 text3 text4 image5
1097,text1 text2 text3 text4 image5
1098,text1 text2 text3 text4 image5
1099,text1 text2 text3 text4 image5
1100,text1 text2 text3 text4 image5
1101,text1 text2 text3 text4 image5
1102,text1 text2 text3 text4 image5
1103,text1 text2 text3 text4 image5
1104,text1 text2 text3 text4 image5
1105,text1 text2 text3 text4 image5
1106,text1 text2 text3 text4 image5
1107,text1 text2 text3 text4 image5
1108,text1 text2 text3 text4 image5
1109,text1 text2 text3 text4 image5
1110,text1 text2 text3 text4 image5
1111,text1 text2 text3 text4 image5
1112,text1 text2 text3 text4 image5
1113,text1 text2 text3 text4 image5
1114,text1 text2 text3 text4 image5
1115,text1 text2 text3 text4 image5
1116,text1 text2 text3 text4 image5
1117,text1 text2 text3 text4 image5
1118,text1 text2 text3 text4 image5
1119,text1 text2 text3 text4 image5
1120,text1 text2 text3 text4 image5
1121,text1 text2 text3 text4 image5
1122,text1 text2 text3 text4 image5
1123,text1 text2 text3 text4 image5
1124,text1 text2 text3 text4 image5
1125,text1 text2 text3 text4 image5
1126,text1 text2 text3 text4 image5
1127,text1 text2 text3 text4 image5
1128,text1 text2 text3 text4 image5
1129,text1 text2 text3 text4 image5
1130,text1 text2 text3 text4 image5
1131,text1 text2 text3 text4 image5
1132,text1 text2 text3 text4 image5
1133,text1 text2 text3 text4 image5
1134,text1 text2 text3 text4 image5
1135,text1 text2 text3 text4 image5
1136,text1 text2 text3 text4 image5
1137,text1 text2 text3 text4 image5
1138,text1 text2 text3 text4 image5
1139,text1 text2 text3 text4 image5
1140,text1 text2 text3 text4 image5
1141,text1 text2 text3 text4 image5
1142,text1 text2 text3 text4 image5
1143,text1 text2 text3 text4 image5
1144,text1 text2 text3 text4 image5
1145,text1 text2 text3 text4 image5
1146,text1 text2 text3 text4 image5
1147,text1 text2 text3 text4 image5
1148,text1 text2 text3 text4 image5
1149,text1 text2 text3 text4 image5
1150,text1 text2 text3 text4 image5
1151,text1 text2 text3 text4 image5
1152,text1 text2 text3 text4 image5
1153,text1 text2 text3 text4 image5
1154,text1 text2 text3 text4 image5
1155,text1 text2 text3 text4 image5
1156,text1 text2 text3 text4 image5
1157,text1 text2 text3 text4 image5
1158,text1 text2 text3 text4 image5
1159,text1 text2 text3 text4 image5
1160,text1 text2 text3 text4 image5
1161,text1 text2 text3 text4 image5
1162,text1 text2 text3 text4 image5
1163,text1 text2 text3 text4 image5
1164,text1 text2 text3 text4 image5
1165,text1 text2 text3 text4 image5
1166,text1 text2 text3 text4 image5
1167,text1 text2 text3 text4 image5
1168,text1 text2 text3 text4 image5
1169,text1 text2 text3 text4 image5
1170,text1 text2 text3 text4 image5
1171,text1 text2 text3 text4 image5
1172,text1 text2 text3 text4 image5
1173,text1 text2 text3 text4 image5
1174,text1 text2 text3 text4 image5
1175,text1 text2 text3 text4 image5
1176,text1 text2 text3 text4 image5
1177,text1 text2 text3 text4 image5
1178,text1 text2 text3 text4 image5
1179,text1 text2 text3 text4 image5
1180,text1 text2 text3 text4 image5
1181,text1 text2 text3 text4 image5
1182,text1 text2 text3 text4 image5
1183,text1 text2 text3 text4 image5
1184,text1 text2 text3 text4 image5
1185,text1 text2 text3 text4 image5
1186,text1 text2 text3 text4 image5
1187,text1 text2 text3 text4 image5
1188,text1 text2 text3 text4 image5
1189,text1 text2 text3 text4 image5
1190,text1 text2 text3 text4 image5
1191,text1 text2 text3 text4 image5
1192,text1 text2 text3 text4 image5
1193,text1 text2 text3 text4 image5
1194,text1 text2 text3 text4 image5
1195,text1 text2 text3 text4 image5
1197,text1 text2 text3 text4 image5
1198,text1 text2 text3 text4 image5
1199,text1 text2 text3 text4 image5
1200,text1 text2 text3 text4 image5
1201,text1 text2 text3 text4 image5
1202,text1 text2 text3 text4 image5
1203,text1 text2 text3 text4 image5
1206,text1 text2 text3 text4 image5
1207,text1 text2 text3 text4 image5
1208,text1 text2 text3 text4 image5
1209,text1 text2 text3 text4 image5
1210,text1 text2 text3 text4 image5
1211,text1 text2 text3 text4 image5
1212,text1 text2 text3 text4 image5
1213,text1 text2 text3 text4 image5
1214,text1 text2 text3 text4 image5
1215,text1 text2 text3 text4 image5
1216,text1 text2 text3 text4 image5
1217,text1 text2 text3 text4 image5
1218,text1 text2 text3 text4 image5
1219,text1 text2 text3 text4 image5
1220,text1 text2 text3 text4 image5
1221,text1 text2 text3 text4 image5
1222,text1 text2 text3 text4 image5
1223,text1 text2 text3 text4 image5
1224,text1 text2 text3 text4 image5
1225,text1 text2 text3 text4 image5
1226,text1 text2 text3 text4 image5
1227,text1 text2 text3 text4 image5
1229,text1 text2 text3 text4 image5
1230,text1 text2 text3 text4 image5
1231,text1 text2 text3 text4 image5
1232,text1 text2 text3 text4 image5
1233,text1 text2 text3 text4 image5
1234,text1 text2 text3 text4 image5
1235,text1 text2 text3 text4 image5
1236,text1 text2 text3 text4 image5
1238,text1 text2 text3 text4 image5
1239,text1 text2 text3 text4 image5
1240,text1 text2 text3 text4 image5
1241,text1 text2 text3 text4 image5
1242,text1 text2 text3 text4 image5
1243,text1 text2 text3 text4 image5
1244,text1 text2 text3 text4 image5
1245,text1 text2 text3 text4 image5
1246,text1 text2 text3 text4 image5
1247,text1 text2 text3 text4 image5
1248,text1 text2 text3 text4 image5
1249,text1 text2 text3 text4 image5
1250,text1 text2 text3 text4 image5
1251,text1 text2 text3 text4 image5
1252,text1 text2 text3 text4 image5
1253,text1 text2 text3 text4 image5
1254,text1 text2 text3 text4 image5
1255,text1 text2 text3 text4 image5
1256,text1 text2 text3 text4 image5
1257,text1 text2 text3 text4 image5
1258,text1 text2 text3 text4 image5
1259,text1 text2 text3 text4 image5
1260,text1 text2 text3 text4 image5
1261,text1 text2 text3 text4 image5
1262,text1 text2 text3 text4 image5
1263,text1 text2 text3 text4 image5
1264,text1 text2 text3 text4 image5
1265,text1 text2 text3 text4 image5
1266,text1 text2 text3 text4 image5
1267,text1 text2 text3 text4 image5
1268,text1 text2 text3 text4 image5
1269,text1 text2 text3 text4 image5
1270,text1 text2 text3 text4 image5
1271,text1 text2 text3 text4 image5
1272,text1 text2 text3 text4 image5
1273,text1 text2 text3 text4 image5
1274,text1 text2 text3 text4 image5
1275,text1 text2 text3 text4 image5
1276,text1 text2 text3 text4 image5
1277,text1 text2 text3 text4 image5
1278,text1 text2 text3 text4 image5
1279,text1 text2 text3 text4 image5
1280,text1 text2 text3 text4 image5
1281,text1 text2 text3 text4 image5
1282,text1 text2 text3 text4 image5
1283,text1 text2 text3 text4 image5
1284,text1 text2 text3 text4 image5
1285,text1 text2 text3 text4 image5
1286,text1 text2 text3 text4 image5
1287,text1 text2 text3 text4 image5
1288,text1 text2 text3 text4 image5
1289,text1 text2 text3 text4 image5
1290,text1 text2 text3 text4 image5
1291,text1 text2 text3 text4 image5
1292,text1 text2 text3 text4 image5
1293,text1 text2 text3 text4 image5
1294,text1 text2 text3 text4 image5
1295,text1 text2 text3 text4 image5
1296,text1 text2 text3 text4 image5
1297,text1 text2 text3 text4 image5
1298,text1 text2 text3 text4 image5
1299,text1 text2 text3 text4 image5
1300,text1 text2 text3 text4 image5
1301,text1 text2 text3 text4 image5
1302,text1 text2 text3 text4 image5
1303,text1 text2 text3 text4 image5
1304,text1 text2 text3 text4 image5
1305,text1 text2 text3 text4 image5
1306,text1 text2 text3 text4 image5
1307,text1 text2 text3 text4 image5
1308,text1 text2 text3 text4 image5
1309,text1 text2 text3 text4 image5
1310,text1 text2 text3 text4 image5
1311,text1 text2 text3 text4 image5
1312,text1 text2 text3 text4 image5
1313,text1 text2 text3 text4 image5
1314,text1 text2 text3 text4 image5
1315,text1 text2 text3 text4 image5
1316,text1 text2 text3 text4 image5
1317,text1 text2 text3 text4 image5
1318,text1 text2 text3 text4 image5
1319,text1 text2 text3 text4 image5
1320,text1 text2 text3 text4 image5
1321,text1 text2 text3 text4 image5
1322,text1 text2 text3 text4 image5
1323,text1 text2 text3 text4 image5
1324,text1 text2 text3 text4 image5
1325,text1 text2 text3 text4 image5
1326,text1 text2 text3 text4 image5
1327,text1 text2 text3 text4 image5
1328,text1 text2 text3 text4 image5
1329,text1 text2 text3 text4 image5
1330,text1 text2 text3 text4 image5
1331,text1 text2 text3 text4 image5
1332,text1 text2 text3 text4 image5
1333,text1 text2 text3 text4 image5
1334,text1 text2 text3 text4 image5
1335,text1 text2 text3 text4 image5
1336,text1 text2 text3 text4 image5
1337,text1 text2 text3 text4 image5
1338,text1 text2 text3 text4 image5
1339,text1 text2 text3 text4 image5
1340,text1 text2 text3 text4 image5
1341,text1 text2 text3 text4 image5
1342,text1 text2 text3 text4 image5
1343,text1 text2 text3 text4 image5
1344,text1 text2 text3 text4 image5
1345,text1 text2 text3 text4 image5
1346,text1 text2 text3 text4 image5
1347,text1 text2 text3 text4 image5
1348,text1 text2 text3 text4 image5
1349,text1 text2 text3 text4 image5
1350,text1 text2 text3 text4 image5
1351,text1 text2 text3 text4 image5
1352,text1 text2 text3 text4 image5
1353,text1 text2 text3 text4 image5
1354,text1 text2 text3 text4 image5
1355,text1 text2 text3 text4 image5
1356,text1 text2 text3 text4 image5
1357,text1 text2 text3 text4 image5
1358,text1 text2 text3 text4 image5
1359,text1 text2 text3 text4 image5
1360,text1 text2 text3 text4 image5
1361,text1 text2 text3 text4 image5
1362,text1 text2 text3 text4 image5
1363,text1 text2 text3 text4 image5
1364,text1 text2 text3 text4 image5
1365,text1 text2 text3 text4 image5
1366,text1 text2 text3 text4 image5
1367,text1 text2 text3 text4 image5
1368,text1 text2 text3 text4 image5
1369,text1 text2 text3 text4 image5
1370,text1 text2 text3 text4 image5
1371,text1 text2 text3 text4 image5
1372,text1 text2 text3 text4 image5
1373,text1 text2 text3 text4 image5
1374,text1 text2 text3 text4 image5
1375,text1 text2 text3 text4 image5
1376,text1 text2 text3 text4 image5
1377,text1 text2 text3 text4 image5
1378,text1 text2 text3 text4 image5
1379,text1 text2 text3 text4 image5
1380,text1 text2 text3 text4 image5
1381,text1 text2 text3 text4 image5
1382,text1 text2 text3 text4 image5
1383,text1 text2 text3 text4 image5
1384,text1 text2 text3 text4 image5
1385,text1 text2 text3 text4 image5
1386,text1 text2 text3 text4 image5
1387,text1 text2 text3 text4 image5
1388,text1 text2 text3 text4 image5
1389,text1 text2 text3 text4 image5
1390,text1 text2 text3 text4 image5
1391,text1 text2 text3 text4 image5
1392,text1 text2 text3 text4 image5
1393,text1 text2 text3 text4 image5
1394,text1 text2 text3 text4 image5
1395,text1 text2 text3 text4 image5
1396,text1 text2 text3 text4 image5
1397,text1 text2 text3 text4 image5
1398,text1 text2 text3 text4 image5
1399,text1 text2 text3 text4 image5
1400,text1 text2 text3 text4 image5
1401,text1 text2 text3 text4 image5
1402,text1 text2 text3 text4 image5
1403,text1 text2 text3 text4 image5
1404,text1 text2 text3 text4 image5
1405,text1 text2 text3 text4 image5
1406,text1 text2 text3 text4 image5
1407,text1 text2 text3 text4 image5
1408,text1 text2 text3 text4 image5
1409,text1 text2 text3 text4 image5
1410,text1 text2 text3 text4 image5
1411,text1 text2 text3 text4 image5
1412,text1 text2 text3 text4 image5
1413,text1 text2 text3 text4 image5
1414,text1 text2 text3 text4 image5
1415,text1 text2 text3 text4 image5
1416,text1 text2 text3 text4 image5
1417,text1 text2 text3 text4 image5
1418,text1 text2 text3 text4 image5
1419,text1 text2 text3 text4 image5
1420,text1 text2 text3 text4 image5
1421,text1 text2 text3 text4 image5
1422,text1 text2 text3 text4 image5
1423,text1 text2 text3 text4 image5
1424,text1 text2 text3 text4 image5
1425,text1 text2 text3 text4 image5
1426,text1 text2 text3 text4 image5
1427,text1 text2 text3 text4 image5
1428,text1 text2 text3 text4 image5
1429,text1 text2 text3 text4 image5
1430,text1 text2 text3 text4 image5
1431,text1 text2 text3 text4 image5
1432,text1 text2 text3 text4 image5
1433,text1 text2 text3 text4 image5
1434,text1 text2 text3 text4 image5
1435,text1 text2 text3 text4 image5
1436,text1 text2 text3 text4 image5
1437,text1 text2 text3 text4 image5
1438,text1 text2 text3 text4 image5
1439,text1 text2 text3 text4 image5
1441,text1 text2 text3 text4 image5
1442,text1 text2 text3 text4 image5
1443,text1 text2 text3 text4 image5
1444,text1 text2 text3 text4 image5
1445,text1 text2 text3 text4 image5
1446,text1 text2 text3 text4 image5
1447,text1 text2 text3 text4 image5
1448,text1 text2 text3 text4 image5
1449,text1 text2 text3 text4 image5
1450,text1 text2 text3 text4 image5
1451,text1 text2 text3 text4 image5
1452,text1 text2 text3 text4 image5
1453,text1 text2 text3 text4 image5
1454,text1 text2 text3 text4 image5
1455,text1 text2 text3 text4 image5
1456,text1 text2 text3 text4 image5
1457,text1 text2 text3 text4 image5
1458,text1 text2 text3 text4 image5
1459,text1 text2 text3 text4 image5
1460,text1 text2 text3 text4 image5
1461,text1 text2 text3 text4 image5
1462,text1 text2 text3 text4 image5
1463,text1 text2 text3 text4 image5
1464,text1 text2 text3 text4 image5
1465,text1 text2 text3 text4 image5
1466,text1 text2 text3 text4 image5
1467,text1 text2 text3 text4 image5
1468,text1 text2 text3 text4 image5
1469,text1 text2 text3 text4 image5
1470,text1 text2 text3 text4 image5
1471,text1 text2 text3 text4 image5
1472,text1 text2 text3 text4 image5
1473,text1 text2 text3 text4 image5
1474,text1 text2 text3 text4 image5
1475,text1 text2 text3 text4 image5
1476,text1 text2 text3 text4 image5
1477,text1 text2 text3 text4 image5
1478,text1 text2 text3 text4 image5
1479,text1 text2 text3 text4 image5
1480,text1 text2 text3 text4 image5
1481,text1 text2 text3 text4 image5
1482,text1 text2 text3 text4 image5
1483,text1 text2 text3 text4 image5
1484,text1 text2 text3 text4 image5
1485,text1 text2 text3 text4 image5
1486,text1 text2 text3 text4 image5
1487,text1 text2 text3 text4 image5
1488,text1 text2 text3 text4 image5
1489,text1 text2 text3 text4 image5
1490,text1 text2 text3 text4 image5
1491,text1 text2 text3 text4 image5
1492,text1 text2 text3 text4 image5
1493,text1 text2 text3 text4 image5
1494,text1 text2 text3 text4 image5
1495,text1 text2 text3 text4 image5
1496,text1 text2 text3 text4 image5
1497,text1 text2 text3 text4 image5
1498,text1 text2 text3 text4 image5
1499,text1 text2 text3 text4 image5
1500,text1 text2 text3 text4 image5
1501,text1 text2 text3 text4 image5
1502,text1 text2 text3 text4 image5
1503,text1 text2 text3 text4 image5
1504,text1 text2 text3 text4 image5
1505,text1 text2 text3 text4 image5
1506,text1 text2 text3 text4 image5
1507,text1 text2 text3 text4 image5
1508,text1 text2 text3 text4 image5
1509,text1 text2 text3 text4 image5
1510,text1 text2 text3 text4 image5
1512,text1 text2 text3 text4 image5
1513,text1 text2 text3 text4 image5
1514,text1 text2 text3 text4 image5
1515,text1 text2 text3 text4 image5
1516,text1 text2 text3 text4 image5
1517,text1 text2 text3 text4 image5
1518,text1 text2 text3 text4 image5
1519,text1 text2 text3 text4 image5
1520,text1 text2 text3 text4 image5
1521,text1 text2 text3 text4 image5
1522,text1 text2 text3 text4 image5
1523,text1 text2 text3 text4 image5
1524,text1 text2 text3 text4 image5
1525,text1 text2 text3 text4 image5
1526,text1 text2 text3 text4 image5
1527,text1 text2 text3 text4 image5
1528,text1 text2 text3 text4 image5
1529,text1 text2 text3 text4 image5
1530,text1 text2 text3 text4 image5
1531,text1 text2 text3 text4 image5
1532,text1 text2 text3 text4 image5
1533,text1 text2 text3 text4 image5
1534,text1 text2 text3 text4 image5
1535,text1 text2 text3 text4 image5
1536,text1 text2 text3 text4 image5
1537,text1 text2 text3 text4 image5
1538,text1 text2 text3 text4 image5
1539,text1 text2 text3 text4 image5
1540,text1 text2 text3 text4 image5
1541,text1 text2 text3 text4 image5
1542,text1 text2 text3 text4 image5
1543,text1 text2 text3 text4 image5
1544,text1 text2 text3 text4 image5
1545,text1 text2 text3 text4 image5
1546,text1 text2 text3 text4 image5
1547,text1 text2 text3 text4 image5
1548,text1 text2 text3 text4 image5
1549,text1 text2 text3 text4 image5
1550,text1 text2 text3 text4 image5
1551,text1 text2 text3 text4 image5
1552,text1 text2 text3 text4 image5
1553,text1 text2 text3 text4 image5
1554,text1 text2 text3 text4 image5
1555,text1 text2 text3 text4 image5
1556,text1 text2 text3 text4 image5
1557,text1 text2 text3 text4 image5
1558,text1 text2 text3 text4 image5
1559,text1 text2 text3 text4 image5
1560,text1 text2 text3 text4 image5
1561,text1 text2 text3 text4 image5
1562,text1 text2 text3 text4 image5
1563,text1 text2 text3 text4 image5
1564,text1 text2 text3 text4 image5
1565,text1 text2 text3 text4 image5
1566,text1 text2 text3 text4 image5
1567,text1 text2 text3 text4 image5
1568,text1 text2 text3 text4 image5
1569,text1 text2 text3 text4 image5
1570,text1 text2 text3 text4 image5
1571,text1 text2 text3 text4 image5
1572,text1 text2 text3 text4 image5
1573,text1 text2 text3 text4 image5
1574,text1 text2 text3 text4 image5
1576,text1 text2 text3 text4 image5
1577,text1 text2 text3 text4 image5
1578,text1 text2 text3 text4 image5
1579,text1 text2 text3 text4 image5
1580,text1 text2 text3 text4 image5
1581,text1 text2 text3 text4 image5
1582,text1 text2 text3 text4 image5
1583,text1 text2 text3 text4 image5
1584,text1 text2 text3 text4 image5
1585,text1 text2 text3 text4 image5
1586,text1 text2 text3 text4 image5
1587,text1 text2 text3 text4 image5
1588,text1 text2 text3 text4 image5
1589,text1 text2 text3 text4 image5
1590,text1 text2 text3 text4 image5
1591,text1 text2 text3 text4 image5
1592,text1 text2 text3 text4 image5
1593,text1 text2 text3 text4 image5
1594,text1 text2 text3 text4 image5
1595,text1 text2 text3 text4 image5
1596,text1 text2 text3 text4 image5
1598,text1 text2 text3 text4 image5
1599,text1 text2 text3 text4 image5
1600,text1 text2 text3 text4 image5
1602,text1 text2 text3 text4 image5
1604,text1 text2 text3 text4 image5
1605,text1 text2 text3 text4 image5
1606,text1 text2 text3 text4 image5
1607,text1 text2 text3 text4 image5
1608,text1 text2 text3 text4 image5
1609,text1 text2 text3 text4 image5
1610,text1 text2 text3 text4 image5
1611,text1 text2 text3 text4 image5
1612,text1 text2 text3 text4 image5
1613,text1 text2 text3 text4 image5
1614,text1 text2 text3 text4 image5
1616,text1 text2 text3 text4 image5
1618,text1 text2 text3 text4 image5
1619,text1 text2 text3 text4 image5
1620,text1 text2 text3 text4 image5
1621,text1 text2 text3 text4 image5
1622,text1 text2 text3 text4 image5
1623,text1 text2 text3 text4 image5
1624,text1 text2 text3 text4 image5
1625,text1 text2 text3 text4 image5
1627,text1 text2 text3 text4 image5
1628,text1 text2 text3 text4 image5
1629,text1 text2 text3 text4 image5
1630,text1 text2 text3 text4 image5
1631,text1 text2 text3 text4 image5
1632,text1 text2 text3 text4 image5
1633,text1 text2 text3 text4 image5
1634,text1 text2 text3 text4 image5
1635,text1 text2 text3 text4 image5
1636,text1 text2 text3 text4 image5
1637,text1 text2 text3 text4 image5
1638,text1 text2 text3 text4 image5
1639,text1 text2 text3 text4 image5
1640,text1 text2 text3 text4 image5
1641,text1 text2 text3 text4 image5
1642,text1 text2 text3 text4 image5
1643,text1 text2 text3 text4 image5
1644,text1 text2 text3 text4 image5
1645,text1 text2 text3 text4 image5
1646,text1 text2 text3 text4 image5
1647,text1 text2 text3 text4 image5
1648,text1 text2 text3 text4 image5
1649,text1 text2 text3 text4 image5
1650,text1 text2 text3 text4 image5
1651,text1 text2 text3 text4 image5
1652,text1 text2 text3 text4 image5
1653,text1 text2 text3 text4 image5
1654,text1 text2 text3 text4 image5
1655,text1 text2 text3 text4 image5
1656,text1 text2 text3 text4 image5
1657,text1 text2 text3 text4 image5
1658,text1 text2 text3 text4 image5
1659,text1 text2 text3 text4 image5
1660,text1 text2 text3 text4 image5
1661,text1 text2 text3 text4 image5
1662,text1 text2 text3 text4 image5
1663,text1 text2 text3 text4 image5
1664,text1 text2 text3 text4 image5
1665,text1 text2 text3 text4 image5
1666,text1 text2 text3 text4 image5
1667,text1 text2 text3 text4 image5
1668,text1 text2 text3 text4 image5
1669,text1 text2 text3 text4 image5
1670,text1 text2 text3 text4 image5
1671,text1 text2 text3 text4 image5
1672,text1 text2 text3 text4 image5
1673,text1 text2 text3 text4 image5
1675,text1 text2 text3 text4 image5
1676,text1 text2 text3 text4 image5
1677,text1 text2 text3 text4 image5
1678,text1 text2 text3 text4 image5
1679,text1 text2 text3 text4 image5
1680,text1 text2 text3 text4 image5
1681,text1 text2 text3 text4 image5
1682,text1 text2 text3 text4 image5
1683,text1 text2 text3 text4 image5
1684,text1 text2 text3 text4 image5
1685,text1 text2 text3 text4 image5
1686,text1 text2 text3 text4 image5
1687,text1 text2 text3 text4 image5
1688,text1 text2 text3 text4 image5
1689,text1 text2 text3 text4 image5
1691,text1 text2 text3 text4 image5
1693,text1 text2 text3 text4 image5
1694,text1 text2 text3 text4 image5
1695,text1 text2 text3 text4 image5
1698,text1 text2 text3 text4 image5
1700,text1 text2 text3 text4 image5
1703,text1 text2 text3 text4 image5
1704,text1 text2 text3 text4 image5
1705,text1 text2 text3 text4 image5
1706,text1 text2 text3 text4 image5
1707,text1 text2 text3 text4 image5
1708,text1 text2 text3 text4 image5
1709,text1 text2 text3 text4 image5
1710,text1 text2 text3 text4 image5
1711,text1 text2 text3 text4 image5
1712,text1 text2 text3 text4 image5
1713,text1 text2 text3 text4 image5
1714,text1 text2 text3 text4 image5
1715,text1 text2 text3 text4 image5
1716,text1 text2 text3 text4 image5
1717,text1 text2 text3 text4 image5
1718,text1 text2 text3 text4 image5
1719,text1 text2 text3 text4 image5
1720,text1 text2 text3 text4 image5
1721,text1 text2 text3 text4 image5
1722,text1 text2 text3 text4 image5
1723,text1 text2 text3 text4 image5
1724,text1 text2 text3 text4 image5
1725,text1 text2 text3 text4 image5
1726,text1 text2 text3 text4 image5
1727,text1 text2 text3 text4 image5
1728,text1 text2 text3 text4 image5
1729,text1 text2 text3 text4 image5
1730,text1 text2 text3 text4 image5
1731,text1 text2 text3 text4 image5
1732,text1 text2 text3 text4 image5
1733,text1 text2 text3 text4 image5
1734,text1 text2 text3 text4 image5
1735,text1 text2 text3 text4 image5
1736,text1 text2 text3 text4 image5
1737,text1 text2 text3 text4 image5
1738,text1 text2 text3 text4 image5
1739,text1 text2 text3 text4 image5
1740,text1 text2 text3 text4 image5
1741,text1 text2 text3 text4 image5
1742,text1 text2 text3 text4 image5
1743,text1 text2 text3 text4 image5
1744,text1 text2 text3 text4 image5
1745,text1 text2 text3 text4 image5
1746,text1 text2 text3 text4 image5
1747,text1 text2 text3 text4 image5
1748,text1 text2 text3 text4 image5
1749,text1 text2 text3 text4 image5
1750,text1 text2 text3 text4 image5
1752,text1 text2 text3 text4 image5
1753,text1 text2 text3 text4 image5
1754,text1 text2 text3 text4 image5
1755,text1 text2 text3 text4 image5
1756,text1 text2 text3 text4 image5
1757,text1 text2 text3 text4 image5
1758,text1 text2 text3 text4 image5
1759,text1 text2 text3 text4 image5
1760,text1 text2 text3 text4 image5
1761,text1 text2 text3 text4 image5
1762,text1 text2 text3 text4 image5
1763,text1 text2 text3 text4 image5
1764,text1 text2 text3 text4 image5
1765,text1 text2 text3 text4 image5
1766,text1 text2 text3 text4 image5
1767,text1 text2 text3 text4 image5
1768,text1 text2 text3 text4 image5
1769,text1 text2 text3 text4 image5
1770,text1 text2 text3 text4 image5
1771,text1 text2 text3 text4 image5
1772,text1 text2 text3 text4 image5
1773,text1 text2 text3 text4 image5
1774,text1 text2 text3 text4 image5
1775,text1 text2 text3 text4 image5
1776,text1 text2 text3 text4 image5
1777,text1 text2 text3 text4 image5
1778,text1 text2 text3 text4 image5
1779,text1 text2 text3 text4 image5
1780,text1 text2 text3 text4 image5
1781,text1 text2 text3 text4 image5
1782,text1 text2 text3 text4 image5
1783,text1 text2 text3 text4 image5
1784,text1 text2 text3 text4 image5
1785,text1 text2 text3 text4 image5
1786,text1 text2 text3 text4 image5
1787,text1 text2 text3 text4 image5
1788,text1 text2 text3 text4 image5
1789,text1 text2 text3 text4 image5
1790,text1 text2 text3 text4 image5
1791,text1 text2 text3 text4 image5
1792,text1 text2 text3 text4 image5
1793,text1 text2 text3 text4 image5
1794,text1 text2 text3 text4 image5
1795,text1 text2 text3 text4 image5
1796,text1 text2 text3 text4 image5
1797,text1 text2 text3 text4 image5
1798,text1 text2 text3 text4 image5
1799,text1 text2 text3 text4 image5
1800,text1 text2 text3 text4 image5
1801,text1 text2 text3 text4 image5
1802,text1 text2 text3 text4 image5
1804,text1 text2 text3 text4 image5
1805,text1 text2 text3 text4 image5
1806,text1 text2 text3 text4 image5
1807,text1 text2 text3 text4 image5
1808,text1 text2 text3 text4 image5
1809,text1 text2 text3 text4 image5
1810,text1 text2 text3 text4 image5
1811,text1 text2 text3 text4 image5
1812,text1 text2 text3 text4 image5
1813,text1 text2 text3 text4 image5
1814,text1 text2 text3 text4 image5
1815,text1 text2 text3 text4 image5
1816,text1 text2 text3 text4 image5
1817,text1 text2 text3 text4 image5
1818,text1 text2 text3 text4 image5
1819,text1 text2 text3 text4 image5
1820,text1 text2 text3 text4 image5
1821,text1 text2 text3 text4 image5
1822,text1 text2 text3 text4 image5
1823,text1 text2 text3 text4 image5
1824,text1 text2 text3 text4 image5
1825,text1 text2 text3 text4 image5
1826,text1 text2 text3 text4 image5
1827,text1 text2 text3 text4 image5
1828,text1 text2 text3 text4 image5
1829,text1 text2 text3 text4 image5
1830,text1 text2 text3 text4 image5
1831,text1 text2 text3 text4 image5
1832,text1 text2 text3 text4 image5
1833,text1 text2 text3 text4 image5
1834,text1 text2 text3 text4 image5
1835,text1 text2 text3 text4 image5
1836,text1 text2 text3 text4 image5
1837,text1 text2 text3 text4 image5
1839,text1 text2 text3 text4 image5
1840,text1 text2 text3 text4 image5
1841,text1 text2 text3 text4 image5
1842,text1 text2 text3 text4 image5
1843,text1 text2 text3 text4 image5
1844,text1 text2 text3 text4 image5
1845,text1 text2 text3 text4 image5
1846,text1 text2 text3 text4 image5
1847,text1 text2 text3 text4 image5
1848,text1 text2 text3 text4 image5
1849,text1 text2 text3 text4 image5
1850,text1 text2 text3 text4 image5
1851,text1 text2 text3 text4 image5
1852,text1 text2 text3 text4 image5
1853,text1 text2 text3 text4 image5
1855,text1 text2 text3 text4 image5
1857,text1 text2 text3 text4 image5
1858,text1 text2 text3 text4 image5
1860,text1 text2 text3 text4 image5
1861,text1 text2 text3 text4 image5
1862,text1 text2 text3 text4 image5
1863,text1 text2 text3 text4 image5
1864,text1 text2 text3 text4 image5
1865,text1 text2 text3 text4 image5
1866,text1 text2 text3 text4 image5
1867,text1 text2 text3 text4 image5
1868,text1 text2 text3 text4 image5
1869,text1 text2 text3 text4 image5
1870,text1 text2 text3 text4 image5
1871,text1 text2 text3 text4 image5
1872,text1 text2 text3 text4 image5
1873,text1 text2 text3 text4 image5
1874,text1 text2 text3 text4 image5
1875,text1 text2 text3 text4 image5
1876,text1 text2 text3 text4 image5
1877,text1 text2 text3 text4 image5
1878,text1 text2 text3 text4 image5
1879,text1 text2 text3 text4 image5
1880,text1 text2 text3 text4 image5
1881,text1 text2 text3 text4 image5
1882,text1 text2 text3 text4 image5
1883,text1 text2 text3 text4 image5
1884,text1 text2 text3 text4 image5
1885,text1 text2 text3 text4 image5
1886,text1 text2 text3 text4 image5
1887,text1 text2 text3 text4 image5
1888,text1 text2 text3 text4 image5
1889,text1 text2 text3 text4 image5
1890,text1 text2 text3 text4 image5
1891,text1 text2 text3 text4 image5
1892,text1 text2 text3 text4 image5
1893,text1 text2 text3 text4 image5
1894,text1 text2 text3 text4 image5
1895,text1 text2 text3 text4 image5
1896,text1 text2 text3 text4 image5
1897,text1 text2 text3 text4 image5
1898,text1 text2 text3 text4 image5
1899,text1 text2 text3 text4 image5
1900,text1 text2 text3 text4 image5
1901,text1 text2 text3 text4 image5
1902,text1 text2 text3 text4 image5
1903,text1 text2 text3 text4 image5
1904,text1 text2 text3 text4 image5
1905,text1 text2 text3 text4 image5
1906,text1 text2 text3 text4 image5
1907,text1 text2 text3 text4 image5
1908,text1 text2 text3 text4 image5
1909,text1 text2 text3 text4 image5
1910,text1 text2 text3 text4 image5
1911,text1 text2 text3 text4 image5
1912,text1 text2 text3 text4 image5
1913,text1 text2 text3 text4 image5
1914,text1 text2 text3 text4 image5
1915,text1 text2 text3 text4 image5
1916,text1 text2 text3 text4 image5
1917,text1 text2 text3 text4 image5
1918,text1 text2 text3 text4 image5
1919,text1 text2 text3 text4 image5
1920,text1 text2 text3 text4 image5
1921,text1 text2 text3 text4 image5
1922,text1 text2 text3 text4 image5
1923,text1 text2 text3 text4 image5
1924,text1 text2 text3 text4 image5
1925,text1 text2 text3 text4 image5
1926,text1 text2 text3 text4 image5
1927,text1 text2 text3 text4 image5
1928,text1 text2 text3 text4 image5
1929,text1 text2 text3 text4 image5
1930,text1 text2 text3 text4 image5
1931,text1 text2 text3 text4 image5
1932,text1 text2 text3 text4 image5
1933,text1 text2 text3 text4 image5
1934,text1 text2 text3 text4 image5
1935,text1 text2 text3 text4 image5
1936,text1 text2 text3 text4 image5
1937,text1 text2 text3 text4 image5
1938,text1 text2 text3 text4 image5
1939,text1 text2 text3 text4 image5
1940,text1 text2 text3 text4 image5
1941,text1 text2 text3 text4 image5
1942,text1 text2 text3 text4 image5
1943,text1 text2 text3 text4 image5
1944,text1 text2 text3 text4 image5
1945,text1 text2 text3 text4 image5
1946,text1 text2 text3 text4 image5
1947,text1 text2 text3 text4 image5
1948,text1 text2 text3 text4 image5
1949,text1 text2 text3 text4 image5
1950,text1 text2 text3 text4 image5
1951,text1 text2 text3 text4 image5
1952,text1 text2 text3 text4 image5
1953,text1 text2 text3 text4 image5
1954,text1 text2 text3 text4 image5
1955,text1 text2 text3 text4 image5
1956,text1 text2 text3 text4 image5
1958,text1 text2 text3 text4 image5
1959,text1 text2 text3 text4 image5
1960,text1 text2 text3 text4 image5
1961,text1 text2 text3 text4 image5
1962,text1 text2 text3 text4 image5
1963,text1 text2 text3 text4 image5
1964,text1 text2 text3 text4 image5
1965,text1 text2 text3 text4 image5
1966,text1 text2 text3 text4 image5
1967,text1 text2 text3 text4 image5
1968,text1 text2 text3 text4 image5
1969,text1 text2 text3 text4 image5
1970,text1 text2 text3 text4 image5
1971,text1 text2 text3 text4 image5
1972,text1 text2 text3 text4 image5
1973,text1 text2 text3 text4 image5
1974,text1 text2 text3 text4 image5
1975,text1 text2 text3 text4 image5
1976,text1 text2 text3 text4 image5
1977,text1 text2 text3 text4 image5
1978,text1 text2 text3 text4 image5
1979,text1 text2 text3 text4 image5
1980,text1 text2 text3 text4 image5
1981,text1 text2 text3 text4 image5
1982,text1 text2 text3 text4 image5
1983,text1 text2 text3 text4 image5
1984,text1 text2 text3 text4 image5
1985,text1 text2 text3 text4 image5
1986,text1 text2 text3 text4 image5
1987,text1 text2 text3 text4 image5
1988,text1 text2 text3 text4 image5
1989,text1 text2 text3 text4 image5
1990,text1 text2 text3 text4 image5
1991,text1 text2 text3 text4 image5
1992,text1 text2 text3 text4 image5
1993,text1 text2 text3 text4 image5
1994,text1 text2 text3 text4 image5
1995,text1 text2 text3 text4 image5
1996,text1 text2 text3 text4 image5
1997,text1 text2 text3 text4 image5
1998,text1 text2 text3 text4 image5
1999,text1 text2 text3 text4 image5
